<?xml version="1.0" encoding="UTF-8"?>
<xmi:XMI xmi:version = "2.1" xmlns:xmi = "http://schema.omg.org/spec/XMI/2.1" xmlns:uml = "http://www.omg.org/spec/UML/20090901" xmlns:sysml = "http://www.omg.org/spec/SysML/20100301/SysML-profile" xmlns:StandardProfileL2 = "http://www.omg.org/spec/UML/20090901/StandardProfileL2" >
  <documentation xmi:type = "xmi:Documentation">
    <exporter>Artisan Studio</exporter>
    <exporterVersion>7.4.2</exporterVersion>
  </documentation>
  <uml:Model name = "Dwarf" xmi:id = "_900a8a2c-b546-4e1d-9014-782d8cd001fd">
      <packagedElement xmi:type = "uml:Package" xmi:id = "_dd43f39d-3192-4478-9373-e265a7e92526" name = "Model">
        <packagedElement xmi:type = "uml:Class" xmi:id = "_50e21ae4-10c6-4695-a849-2db3729438c5" name = "SYSTEM">
          <ownedAttribute xmi:type = "uml:Property" xmi:id = "_6d5e4b9d-7dc8-42d1-8cea-7cf6c6598404" name = "State" type = "_b9cf1b95-db49-4197-8f35-ccb9393f2b2a" visibility = "private" aggregation = "composite">
            <defaultValue xmi:type = "_b9cf1b95-db49-4197-8f35-ccb9393f2b2a" xmi:id = "_6d5e4b9d-7dc8-42d1-8cea-7cf6c6598404defaultValue" value = "Dark"/>
          </ownedAttribute>
          <ownedAttribute xmi:type = "uml:Property" xmi:id="_68009836-c168-407d-8e9c-26ae135fe718" type = "_70aaaf5a-3cad-41b0-9080-b0800b13fe42" visibility = "private" aggregation = "composite" association = "_dfdb11c6-8ec4-4726-96d8-97726c1c8aa6">
          </ownedAttribute>
          <ownedAttribute xmi:type = "uml:Property" xmi:id="_81bb73b5-ef72-4a37-8aa8-7f0d57e51229" type = "_1051e06b-d423-4b6e-8f0c-12a79d37b623" visibility = "private" aggregation = "composite" association = "_754a9e60-124b-4750-b577-8083c0768880">
          </ownedAttribute>
          <nestedClassifier xmi:type = "uml:Class" xmi:id = "_70aaaf5a-3cad-41b0-9080-b0800b13fe42" name = "SystemUnderTest" isAbstract = "false" visibility = "public">
            <ownedAttribute xmi:type = "uml:Port" xmi:id = "_ccb4c9cc-390c-4116-b62a-a320188cf0fa" name = "Lamps" visibility = "private" aggregation = "composite">
            </ownedAttribute>
            <ownedConnector xmi:type = "uml:Connector" xmi:id = "_1019c38a-520b-4904-b5ac-5cadadc8a78d">
              <end xmi:type = "uml:ConnectorEnd" xmi:id = "_e7bf7dde-e615-4475-9a0f-6dbf0326a10f" partWithPort = "_68009836-c168-407d-8e9c-26ae135fe718" role = "_ccb4c9cc-390c-4116-b62a-a320188cf0fa">
              </end>
              <end xmi:type = "uml:ConnectorEnd" xmi:id = "_b903212c-9e75-4bbd-a75e-55e33018ba22" partWithPort = "_81bb73b5-ef72-4a37-8aa8-7f0d57e51229" role = "_570fdb3b-f5d7-4c6d-9993-308d47b75605">
              </end>
            </ownedConnector>
            <ownedAttribute xmi:type = "uml:Port" xmi:id = "_189decff-bc01-4edf-a28b-0ad2fdda5a13" name = "State" type = "_b9cf1b95-db49-4197-8f35-ccb9393f2b2a" visibility = "private" aggregation = "composite">
            </ownedAttribute>
            <ownedConnector xmi:type = "uml:Connector" xmi:id = "_a4051df2-fc6a-47a3-86a1-1c72cdae2692">
              <end xmi:type = "uml:ConnectorEnd" xmi:id = "_1e7e8545-9fdf-4cf2-acb9-df7c8c2946de" partWithPort = "_81bb73b5-ef72-4a37-8aa8-7f0d57e51229" role = "_014c00d4-2855-4bcd-bbe2-5963b410a72a">
              </end>
              <end xmi:type = "uml:ConnectorEnd" xmi:id = "_e8cfe86b-32fd-4d17-b73b-674a0aa1f208" partWithPort = "_68009836-c168-407d-8e9c-26ae135fe718" role = "_189decff-bc01-4edf-a28b-0ad2fdda5a13">
              </end>
            </ownedConnector>
            <nestedClassifier xmi:type = "uml:Class" xmi:id = "_8a202cee-7750-457d-908a-7e64284c222b" name = "DwarfSignal" isAbstract = "false" visibility = "public">
              <ownedBehavior xmi:type = "uml:StateMachine" xmi:id = "_d2bd2348-c769-4bc2-92d7-b55b351c334f" name = "DwarfSignal">
                <region xmi:type = "uml:Region" xmi:id = "_d2bd2348-c769-4bc2-92d7-b55b351c334fregion">
                  <subvertex xmi:type = "uml:State" xmi:id = "_06ae6401-2bc6-4782-a370-5c492f17055d" name = "DARK">
                    <entry xmi:id = "_5f6318f2-2776-4efb-8778-37cd999f9de9Activ" xmi:type = "uml:Activity" name = "L1 := false;&#13;L2 := false;&#13;L3 := false">
                    </entry>
                  </subvertex>
                  <subvertex xmi:type = "uml:State" xmi:id = "_32981d89-98e7-4aaa-8de6-6f9dc7b64ea4" name = "DRIVE">
                    <entry xmi:id = "_639b3789-c3b2-4b46-b813-a43c4d4288e8Activ" xmi:type = "uml:Activity" name = "L1 := false;&#13;L2 := true;&#13;L3 := true">
                    </entry>
                  </subvertex>
                  <subvertex xmi:type = "uml:State" xmi:id = "_e4e3d5fd-e52c-46ef-893a-32d827d7d20d" name = "INIT">
                  </subvertex>
                  <subvertex xmi:type = "uml:Pseudostate" xmi:id = "_ec1324a7-adcb-45ea-be2e-dc6e2ef8f0ec" name = "Initial">
                  </subvertex>
                  <subvertex xmi:type = "uml:State" xmi:id = "_9875464c-1d6d-40fb-882c-826a74cf77e3" name = "STOP">
                    <entry xmi:id = "_fba8446a-b059-42e5-9aca-559c1aeefe6cActiv" xmi:type = "uml:Activity" name = "L1 := true;&#13;L2 := true;&#13;L3 := false">
                    </entry>
                  </subvertex>
                  <subvertex xmi:type = "uml:State" xmi:id = "_d02ed2af-8039-4794-afe2-abda83cfb6d7" name = "WARNING">
                    <entry xmi:id = "_6c2eba7e-f987-43d2-a7ed-69dffbdf514eActiv" xmi:type = "uml:Activity" name = "L1 := true;&#13;L2 := false;&#13;L3 := true">
                    </entry>
                  </subvertex>
                    <transition xmi:type = "uml:Transition" xmi:id = "_57b72e0d-cbf5-482c-8c83-163293bf8f30" guard = "_3669a697-a92f-4366-a8c2-259e1606a81fguard" source = "_06ae6401-2bc6-4782-a370-5c492f17055d" target = "_9875464c-1d6d-40fb-882c-826a74cf77e3">
                      <ownedRule xmi:type = "uml:Constraint" xmi:id = "_3669a697-a92f-4366-a8c2-259e1606a81fguard" constrainedElement = "_57b72e0d-cbf5-482c-8c83-163293bf8f30">
                        <specification xmi:type = "uml:OpaqueExpression" xmi:id = "_3669a697-a92f-4366-a8c2-259e1606a81fspecification" body = "State = Stop">
                        </specification>
                      </ownedRule>
                    </transition>
                    <transition xmi:type = "uml:Transition" xmi:id = "_3e9125bb-c013-4c42-b5e5-ba869a52178c" guard = "_af58b621-ff20-4b6a-94df-bc63625a8df4guard" source = "_32981d89-98e7-4aaa-8de6-6f9dc7b64ea4" target = "_9875464c-1d6d-40fb-882c-826a74cf77e3">
                      <ownedRule xmi:type = "uml:Constraint" xmi:id = "_af58b621-ff20-4b6a-94df-bc63625a8df4guard" constrainedElement = "_3e9125bb-c013-4c42-b5e5-ba869a52178c">
                        <specification xmi:type = "uml:OpaqueExpression" xmi:id = "_af58b621-ff20-4b6a-94df-bc63625a8df4specification" body = "State = Stop">
                        </specification>
                      </ownedRule>
                    </transition>
                    <transition xmi:type = "uml:Transition" xmi:id = "_c659ccb8-8784-42ea-bdea-edb6024b5cb5" guard = "_018bd9dd-d163-4132-b862-5b69f8c94054guard" source = "_32981d89-98e7-4aaa-8de6-6f9dc7b64ea4" target = "_d02ed2af-8039-4794-afe2-abda83cfb6d7">
                      <ownedRule xmi:type = "uml:Constraint" xmi:id = "_018bd9dd-d163-4132-b862-5b69f8c94054guard" constrainedElement = "_c659ccb8-8784-42ea-bdea-edb6024b5cb5">
                        <specification xmi:type = "uml:OpaqueExpression" xmi:id = "_018bd9dd-d163-4132-b862-5b69f8c94054specification" body = "State = Warning">
                        </specification>
                      </ownedRule>
                    </transition>
                    <transition xmi:type = "uml:Transition" xmi:id = "_d0eff7fb-1ddd-4516-b0a3-cb6543745e4f" guard = "_4e2b8fe6-aec3-4e62-bc37-7d2652778b8fguard" source = "_e4e3d5fd-e52c-46ef-893a-32d827d7d20d" target = "_06ae6401-2bc6-4782-a370-5c492f17055d">
                      <ownedRule xmi:type = "uml:Constraint" xmi:id = "_4e2b8fe6-aec3-4e62-bc37-7d2652778b8fguard" constrainedElement = "_d0eff7fb-1ddd-4516-b0a3-cb6543745e4f">
                        <specification xmi:type = "uml:OpaqueExpression" xmi:id = "_4e2b8fe6-aec3-4e62-bc37-7d2652778b8fspecification" body = "State = Dark">
                        </specification>
                      </ownedRule>
                    </transition>
                    <transition xmi:type = "uml:Transition" xmi:id = "_4ac11d32-9a2a-42c3-b761-c97c33fb0a27" source = "_ec1324a7-adcb-45ea-be2e-dc6e2ef8f0ec" target = "_e4e3d5fd-e52c-46ef-893a-32d827d7d20d">
                    </transition>
                    <transition xmi:type = "uml:Transition" xmi:id = "_5dcfe377-63da-4ea0-8518-14480c2304fd" guard = "_1212d53b-3a6a-45ef-a55f-4c2779c0bf38guard" source = "_9875464c-1d6d-40fb-882c-826a74cf77e3" target = "_06ae6401-2bc6-4782-a370-5c492f17055d">
                      <ownedRule xmi:type = "uml:Constraint" xmi:id = "_1212d53b-3a6a-45ef-a55f-4c2779c0bf38guard" constrainedElement = "_5dcfe377-63da-4ea0-8518-14480c2304fd">
                        <specification xmi:type = "uml:OpaqueExpression" xmi:id = "_1212d53b-3a6a-45ef-a55f-4c2779c0bf38specification" body = "State = Dark">
                        </specification>
                      </ownedRule>
                    </transition>
                    <transition xmi:type = "uml:Transition" xmi:id = "_351c129a-30ba-4ae3-8515-fa4cdd610eb6" guard = "_160a13ea-2814-4015-b572-3e62df78e2e7guard" source = "_9875464c-1d6d-40fb-882c-826a74cf77e3" target = "_d02ed2af-8039-4794-afe2-abda83cfb6d7">
                      <ownedRule xmi:type = "uml:Constraint" xmi:id = "_160a13ea-2814-4015-b572-3e62df78e2e7guard" constrainedElement = "_351c129a-30ba-4ae3-8515-fa4cdd610eb6">
                        <specification xmi:type = "uml:OpaqueExpression" xmi:id = "_160a13ea-2814-4015-b572-3e62df78e2e7specification" body = "State = Warning">
                        </specification>
                      </ownedRule>
                    </transition>
                    <transition xmi:type = "uml:Transition" xmi:id = "_5c1290ca-8331-498a-ba68-7b27155c0039" guard = "_a3df01ac-fd94-4e01-883f-f9c66d435925guard" source = "_d02ed2af-8039-4794-afe2-abda83cfb6d7" target = "_32981d89-98e7-4aaa-8de6-6f9dc7b64ea4">
                      <ownedRule xmi:type = "uml:Constraint" xmi:id = "_a3df01ac-fd94-4e01-883f-f9c66d435925guard" constrainedElement = "_5c1290ca-8331-498a-ba68-7b27155c0039">
                        <specification xmi:type = "uml:OpaqueExpression" xmi:id = "_a3df01ac-fd94-4e01-883f-f9c66d435925specification" body = "State = Drive">
                        </specification>
                      </ownedRule>
                    </transition>
                    <transition xmi:type = "uml:Transition" xmi:id = "_316be9e9-8491-4c43-858f-7c28cd8a23dc" guard = "_4e0c10d4-acf2-4ad1-abd9-7a7c41001ca2guard" source = "_d02ed2af-8039-4794-afe2-abda83cfb6d7" target = "_9875464c-1d6d-40fb-882c-826a74cf77e3">
                      <ownedRule xmi:type = "uml:Constraint" xmi:id = "_4e0c10d4-acf2-4ad1-abd9-7a7c41001ca2guard" constrainedElement = "_316be9e9-8491-4c43-858f-7c28cd8a23dc">
                        <specification xmi:type = "uml:OpaqueExpression" xmi:id = "_4e0c10d4-acf2-4ad1-abd9-7a7c41001ca2specification" body = "State = Stop">
                        </specification>
                      </ownedRule>
                    </transition>
                </region>
              </ownedBehavior>
            </nestedClassifier>
            <ownedAttribute xmi:type = "uml:Property" xmi:id="_bf3db4c3-1fa7-404b-8e40-c4a6b905caef" type = "_8a202cee-7750-457d-908a-7e64284c222b" visibility = "private" aggregation = "composite" association = "_3949e4ef-7288-4b90-82f0-230b8b5a3165">
            </ownedAttribute>
          </nestedClassifier>
          <nestedClassifier xmi:type = "uml:Class" xmi:id = "_1051e06b-d423-4b6e-8f0c-12a79d37b623" name = "TestEnvironment" isAbstract = "false" visibility = "public">
            <ownedAttribute xmi:type = "uml:Port" xmi:id = "_570fdb3b-f5d7-4c6d-9993-308d47b75605" name = "Lamps" visibility = "private" aggregation = "composite">
            </ownedAttribute>
            <ownedAttribute xmi:type = "uml:Port" xmi:id = "_014c00d4-2855-4bcd-bbe2-5963b410a72a" name = "State" type = "_b9cf1b95-db49-4197-8f35-ccb9393f2b2a" visibility = "private" aggregation = "composite">
            </ownedAttribute>
          </nestedClassifier>
          <ownedConnector xmi:type = "uml:Connector" xmi:id = "_a4051df2-fc6a-47a3-86a1-1c72cdae2692">
            <end xmi:type = "uml:ConnectorEnd" xmi:id = "_1e7e8545-9fdf-4cf2-acb9-df7c8c2946de" partWithPort = "_81bb73b5-ef72-4a37-8aa8-7f0d57e51229" role = "_014c00d4-2855-4bcd-bbe2-5963b410a72a">
            </end>
            <end xmi:type = "uml:ConnectorEnd" xmi:id = "_e8cfe86b-32fd-4d17-b73b-674a0aa1f208" partWithPort = "_68009836-c168-407d-8e9c-26ae135fe718" role = "_189decff-bc01-4edf-a28b-0ad2fdda5a13">
            </end>
          </ownedConnector>
          <ownedConnector xmi:type = "uml:Connector" xmi:id = "_1019c38a-520b-4904-b5ac-5cadadc8a78d">
            <end xmi:type = "uml:ConnectorEnd" xmi:id = "_e7bf7dde-e615-4475-9a0f-6dbf0326a10f" partWithPort = "_68009836-c168-407d-8e9c-26ae135fe718" role = "_ccb4c9cc-390c-4116-b62a-a320188cf0fa">
            </end>
            <end xmi:type = "uml:ConnectorEnd" xmi:id = "_b903212c-9e75-4bbd-a75e-55e33018ba22" partWithPort = "_81bb73b5-ef72-4a37-8aa8-7f0d57e51229" role = "_570fdb3b-f5d7-4c6d-9993-308d47b75605">
            </end>
          </ownedConnector>
        </packagedElement>
        <packagedElement xmi:type = "uml:Package" xmi:id = "_0700ad7f-bb6c-46b3-bb4a-ed2242ea6d4d" name = "Datatypes">
          <packagedElement xmi:type = "uml:Enumeration" xmi:id = "_908b73cc-8991-4ed3-abe0-86243ddbd47c" name = "States_t">
            <ownedLiteral xmi:type = "uml:EnumerationLiteral" xmi:id = "_b7f270d6-ffda-4baa-89a9-a9fb43d54f6a" name = "Dark" classifier = "_908b73cc-8991-4ed3-abe0-86243ddbd47c">
            </ownedLiteral>
            <ownedLiteral xmi:type = "uml:EnumerationLiteral" xmi:id = "_d7455be0-e678-4d9f-ba95-b6d429f7dc79" name = "Stop" classifier = "_908b73cc-8991-4ed3-abe0-86243ddbd47c">
            </ownedLiteral>
            <ownedLiteral xmi:type = "uml:EnumerationLiteral" xmi:id = "_2b17f94d-c52b-46fd-83a9-e31791531469" name = "Warning" classifier = "_908b73cc-8991-4ed3-abe0-86243ddbd47c">
            </ownedLiteral>
            <ownedLiteral xmi:type = "uml:EnumerationLiteral" xmi:id = "_e3c47505-b5dd-4175-a562-70504b9f4a70" name = "Drive" classifier = "_908b73cc-8991-4ed3-abe0-86243ddbd47c">
            </ownedLiteral>
          </packagedElement>
        </packagedElement>
        <packagedElement xmi:type = "uml:Package" xmi:id = "_91c6b846-2bba-4907-8ca1-a3348225351b" name = "Interfaces">
          <packagedElement xmi:type = "uml:Interface" xmi:id = "_ec459f13-50db-4c4b-a2fb-1658ff95719e" name = "Lamps" visibility = "public">
            <ownedAttribute xmi:type = "uml:Property" xmi:id = "_0f83411d-bccc-41f8-9950-70bfa3820a63" name = "L1" type = "_cf7e6713-8ea6-444d-bcec-7c9ba1c45de4" visibility = "public" aggregation = "composite">
              <defaultValue xmi:type = "_cf7e6713-8ea6-444d-bcec-7c9ba1c45de4" xmi:id = "_0f83411d-bccc-41f8-9950-70bfa3820a63defaultValue" value = "0"/>
            </ownedAttribute>
            <ownedAttribute xmi:type = "uml:Property" xmi:id = "_28ab432c-4311-4446-bb7b-426fe0be2524" name = "L2" type = "_cf7e6713-8ea6-444d-bcec-7c9ba1c45de4" visibility = "public" aggregation = "composite">
              <defaultValue xmi:type = "_cf7e6713-8ea6-444d-bcec-7c9ba1c45de4" xmi:id = "_28ab432c-4311-4446-bb7b-426fe0be2524defaultValue" value = "0"/>
            </ownedAttribute>
            <ownedAttribute xmi:type = "uml:Property" xmi:id = "_229f9d90-af38-4603-9f4c-044f8ac70501" name = "L3" type = "_cf7e6713-8ea6-444d-bcec-7c9ba1c45de4" visibility = "public" aggregation = "composite">
              <defaultValue xmi:type = "_cf7e6713-8ea6-444d-bcec-7c9ba1c45de4" xmi:id = "_229f9d90-af38-4603-9f4c-044f8ac70501defaultValue" value = "0"/>
            </ownedAttribute>
          </packagedElement>
        </packagedElement>
        <packagedElement xmi:type = "uml:Package" xmi:id = "_17abbb5c-618a-463a-bc52-0a3292796197" name = "Requirements">
          <packagedElement xmi:type = "uml:Class" xmi:id = "_35a34f70-36b0-4bf4-a48f-2867d76412ec" name = "Sample requirement - observe that ID-tag has to be provided as tagged value" isAbstract = "true">
          </packagedElement>
        </packagedElement>
        <packagedElement xmi:type = "uml:Package" xmi:id = "_3edb3478-a12d-48f2-af8e-aed6df229fa8" name = "Testcases">
        </packagedElement>
        <packagedElement xmi:type = "uml:Association" xmi:id = "_dfdb11c6-8ec4-4726-96d8-97726c1c8aa6" memberEnd = "_31bb3721-3d19-4cc5-88be-fca5146838fd _68009836-c168-407d-8e9c-26ae135fe718">
          <ownedEnd xmi:type = "uml:Property" xmi:id = "_31bb3721-3d19-4cc5-88be-fca5146838fd" type = "_50e21ae4-10c6-4695-a849-2db3729438c5" visibility = "private" association = "_dfdb11c6-8ec4-4726-96d8-97726c1c8aa6">
          </ownedEnd>
        </packagedElement>
        <packagedElement xmi:type = "uml:Association" xmi:id = "_3949e4ef-7288-4b90-82f0-230b8b5a3165" memberEnd = "_901acb31-53b0-4052-957b-c77474648a06 _bf3db4c3-1fa7-404b-8e40-c4a6b905caef">
          <ownedEnd xmi:type = "uml:Property" xmi:id = "_901acb31-53b0-4052-957b-c77474648a06" type = "_70aaaf5a-3cad-41b0-9080-b0800b13fe42" visibility = "private" association = "_3949e4ef-7288-4b90-82f0-230b8b5a3165">
          </ownedEnd>
        </packagedElement>
        <packagedElement xmi:type = "uml:Association" xmi:id = "_754a9e60-124b-4750-b577-8083c0768880" memberEnd = "_5d1e8626-89d1-411b-a5b2-8c67cf97e64d _81bb73b5-ef72-4a37-8aa8-7f0d57e51229">
          <ownedEnd xmi:type = "uml:Property" xmi:id = "_5d1e8626-89d1-411b-a5b2-8c67cf97e64d" type = "_50e21ae4-10c6-4695-a849-2db3729438c5" visibility = "private" association = "_754a9e60-124b-4750-b577-8083c0768880">
          </ownedEnd>
        </packagedElement>
        <packagedElement xmi:type = "uml:InformationItem" xmi:id = "_206edbd8-978c-439e-8168-e24f30d3244adata" represented = "_b9cf1b95-db49-4197-8f35-ccb9393f2b2a" isAbstract = "true">
        </packagedElement>
        <packagedElement xmi:type = "uml:InformationFlow" xmi:id = "_206edbd8-978c-439e-8168-e24f30d3244a" name = "State" realizingConnector = "_a4051df2-fc6a-47a3-86a1-1c72cdae2692" conveyed = "_206edbd8-978c-439e-8168-e24f30d3244adata" informationSource = "_014c00d4-2855-4bcd-bbe2-5963b410a72a" informationTarget = "_189decff-bc01-4edf-a28b-0ad2fdda5a13">
        </packagedElement>
        <packagedElement xmi:type = "uml:Usage" xmi:id = "_ec45ed93-5d93-4b2f-a61c-db6c6a005fa3" client = "_ccb4c9cc-390c-4116-b62a-a320188cf0fa" supplier = "_ec459f13-50db-4c4b-a2fb-1658ff95719e">
        </packagedElement>
      </packagedElement>
      <packagedElement xmi:type = "uml:Profile" xmi:id = "_68e1e99f-0e83-41cb-901c-850e879ccd1d" name = "COMPASS Profile" visibility = "public">
        <ownedComment xmi:type = "uml:Comment" xmi:id = "_68e1e99f-0e83-41cb-901c-850e879ccd1dcomment" body = "This profile contains RttTgen specific stereotype and type definitions">
        </ownedComment>
        <packagedElement xmi:type = "uml:Package" xmi:id = "_c8e4c0ef-f65e-4305-bb6a-42828b8bce5f" name = "Datatypes">
          <packagedElement xmi:type = "uml:DataType" xmi:id = "_cf7e6713-8ea6-444d-bcec-7c9ba1c45de4" name = "bool">
          </packagedElement>
          <packagedElement xmi:type = "uml:DataType" xmi:id = "_fa33518e-e0f0-4e9d-8689-20d78b5f747d" name = "char">
          </packagedElement>
          <packagedElement xmi:type = "uml:DataType" xmi:id = "_b9cf1b95-db49-4197-8f35-ccb9393f2b2a" name = "int">
          </packagedElement>
          <packagedElement xmi:type = "uml:DataType" xmi:id = "_0aa2ecd7-ffef-4d2c-a97d-135234071b8d" name = "nat">
          </packagedElement>
          <packagedElement xmi:type = "uml:DataType" xmi:id = "_23ce9c88-8c1c-439d-b4b0-a06df42773c2" name = "nat1">
          </packagedElement>
          <packagedElement xmi:type = "uml:DataType" xmi:id = "_e0426fb3-4a34-4ed9-b359-87fa80f81d59" name = "rat">
          </packagedElement>
          <packagedElement xmi:type = "uml:DataType" xmi:id = "_c437391d-b699-4229-948b-73eddaaff195" name = "real">
          </packagedElement>
          <packagedElement xmi:type = "uml:DataType" xmi:id = "_d8b84188-be15-482d-ac93-25b55ae7be39" name = "timer">
          </packagedElement>
        </packagedElement>
        <packagedElement xmi:type = "uml:Package" xmi:id = "_278d0351-322f-4111-9afb-a7d9d2469a38" name = "Stereotypes">
          <packagedElement xmi:type = "uml:Stereotype" xmi:id = "_e17692dd-87d9-407a-862b-ded911f427f4" name = "CML">
            <ownedAttribute xmi:id = "_e17692dd-87d9-407a-862b-ded911f427f4PackageMetaType" name = "base_Package" association = "_e17692dd-87d9-407a-862b-ded911f427f4PackageExtension">
              <type xmi:type = "uml:Class" href = "http://www.omg.org/spec/UML/20090901/UML.xmi#Package">
              </type>
            </ownedAttribute>
            <ownedAttribute xmi:id = "_e17692dd-87d9-407a-862b-ded911f427f4ClassMetaType" name = "base_Class" association = "_e17692dd-87d9-407a-862b-ded911f427f4ClassExtension">
              <type xmi:type = "uml:Class" href = "http://www.omg.org/spec/UML/20090901/UML.xmi#Class">
              </type>
            </ownedAttribute>
          </packagedElement>
          <packagedElement xmi:type = "uml:Stereotype" xmi:id = "_9da31d1c-d6e5-427c-9121-9c9496967d07" name = "CONSTRAINTS">
            <ownedAttribute xmi:id = "_9da31d1c-d6e5-427c-9121-9c9496967d07PackageMetaType" name = "base_Package" association = "_9da31d1c-d6e5-427c-9121-9c9496967d07PackageExtension">
              <type xmi:type = "uml:Class" href = "http://www.omg.org/spec/UML/20090901/UML.xmi#Package">
              </type>
            </ownedAttribute>
          </packagedElement>
          <packagedElement xmi:type = "uml:Stereotype" xmi:id = "_25e6870f-0caf-4cc6-93c7-6b729a49d147" name = "DATATYPES">
            <ownedAttribute xmi:id = "_25e6870f-0caf-4cc6-93c7-6b729a49d147PackageMetaType" name = "base_Package" association = "_25e6870f-0caf-4cc6-93c7-6b729a49d147PackageExtension">
              <type xmi:type = "uml:Class" href = "http://www.omg.org/spec/UML/20090901/UML.xmi#Package">
              </type>
            </ownedAttribute>
          </packagedElement>
          <packagedElement xmi:type = "uml:Stereotype" xmi:id = "_dcce17d3-8eb0-4867-993e-23c0a3a4ffe4" name = "interface">
            <ownedAttribute xmi:id = "_dcce17d3-8eb0-4867-993e-23c0a3a4ffe4PropertyMetaType" name = "base_Property" association = "_dcce17d3-8eb0-4867-993e-23c0a3a4ffe4PropertyExtension">
              <type xmi:type = "uml:Class" href = "http://www.omg.org/spec/UML/20090901/UML.xmi#Property">
              </type>
            </ownedAttribute>
            <ownedAttribute xmi:id = "_dcce17d3-8eb0-4867-993e-23c0a3a4ffe4InterfaceMetaType" name = "base_Interface" association = "_dcce17d3-8eb0-4867-993e-23c0a3a4ffe4InterfaceExtension">
              <type xmi:type = "uml:Class" href = "http://www.omg.org/spec/UML/20090901/UML.xmi#Interface">
              </type>
            </ownedAttribute>
          </packagedElement>
          <packagedElement xmi:type = "uml:Stereotype" xmi:id = "_de69a172-6544-4e72-b56b-aeae1ec70047" name = "INTERFACES">
            <ownedAttribute xmi:id = "_de69a172-6544-4e72-b56b-aeae1ec70047PackageMetaType" name = "base_Package" association = "_de69a172-6544-4e72-b56b-aeae1ec70047PackageExtension">
              <type xmi:type = "uml:Class" href = "http://www.omg.org/spec/UML/20090901/UML.xmi#Package">
              </type>
            </ownedAttribute>
          </packagedElement>
          <packagedElement xmi:type = "uml:Stereotype" xmi:id = "_7a9784b6-9507-4c4d-b793-9d5b1cb33e09" name = "REQUIREMENTS">
            <ownedAttribute xmi:id = "_7a9784b6-9507-4c4d-b793-9d5b1cb33e09PackageMetaType" name = "base_Package" association = "_7a9784b6-9507-4c4d-b793-9d5b1cb33e09PackageExtension">
              <type xmi:type = "uml:Class" href = "http://www.omg.org/spec/UML/20090901/UML.xmi#Package">
              </type>
            </ownedAttribute>
          </packagedElement>
          <packagedElement xmi:type = "uml:Stereotype" xmi:id = "_d7a9f6aa-2a17-4e7b-9e5f-67884ddd0bd4" name = "RttTgen Enumeration">
            <ownedAttribute xmi:id = "_d7a9f6aa-2a17-4e7b-9e5f-67884ddd0bd4Enumeration LiteralMetaType" name = "base_Enumeration Literal" association = "_d7a9f6aa-2a17-4e7b-9e5f-67884ddd0bd4Enumeration LiteralExtension">
              <type xmi:type = "uml:Class" href = "http://www.omg.org/spec/UML/20090901/UML.xmi#Enumeration Literal">
              </type>
            </ownedAttribute>
            <ownedAttribute xmi:id = "_a91f8c4e-79e2-4766-b0c6-c1fbdb370171" name = "RttTgen EnumValue" visibility = "public">
              <type xmi:type = "uml:PrimitiveType" href = "http://www.omg.org/spec/UML/20090901/UML.xmi#String">
              </type>
            </ownedAttribute>
          </packagedElement>
          <packagedElement xmi:type = "uml:Stereotype" xmi:id = "_4b52149d-271b-4181-bcba-62218e86ab65" name = "SUT">
            <ownedAttribute xmi:id = "_4b52149d-271b-4181-bcba-62218e86ab65ClassMetaType" name = "base_Class" association = "_4b52149d-271b-4181-bcba-62218e86ab65ClassExtension">
              <type xmi:type = "uml:Class" href = "http://www.omg.org/spec/UML/20090901/UML.xmi#Class">
              </type>
            </ownedAttribute>
          </packagedElement>
          <packagedElement xmi:type = "uml:Stereotype" xmi:id = "_985f3b47-75dd-457a-a60f-c8d09a6cb1e3" name = "SUT2TE">
            <ownedAttribute xmi:id = "_985f3b47-75dd-457a-a60f-c8d09a6cb1e3PropertyMetaType" name = "base_Property" association = "_985f3b47-75dd-457a-a60f-c8d09a6cb1e3PropertyExtension">
              <type xmi:type = "uml:Class" href = "http://www.omg.org/spec/UML/20090901/UML.xmi#Property">
              </type>
            </ownedAttribute>
            <ownedAttribute xmi:id = "_985f3b47-75dd-457a-a60f-c8d09a6cb1e3InterfaceMetaType" name = "base_Interface" association = "_985f3b47-75dd-457a-a60f-c8d09a6cb1e3InterfaceExtension">
              <type xmi:type = "uml:Class" href = "http://www.omg.org/spec/UML/20090901/UML.xmi#Interface">
              </type>
            </ownedAttribute>
          </packagedElement>
          <packagedElement xmi:type = "uml:Stereotype" xmi:id = "_f3370fb5-2036-486c-ae85-55c083702767" name = "SYSTEM">
            <ownedAttribute xmi:id = "_f3370fb5-2036-486c-ae85-55c083702767ClassMetaType" name = "base_Class" association = "_f3370fb5-2036-486c-ae85-55c083702767ClassExtension">
              <type xmi:type = "uml:Class" href = "http://www.omg.org/spec/UML/20090901/UML.xmi#Class">
              </type>
            </ownedAttribute>
          </packagedElement>
          <packagedElement xmi:type = "uml:Stereotype" xmi:id = "_6f83f6fd-e1f1-4860-a11b-b62046a32fc5" name = "TE">
            <ownedAttribute xmi:id = "_6f83f6fd-e1f1-4860-a11b-b62046a32fc5ClassMetaType" name = "base_Class" association = "_6f83f6fd-e1f1-4860-a11b-b62046a32fc5ClassExtension">
              <type xmi:type = "uml:Class" href = "http://www.omg.org/spec/UML/20090901/UML.xmi#Class">
              </type>
            </ownedAttribute>
          </packagedElement>
          <packagedElement xmi:type = "uml:Stereotype" xmi:id = "_9224d506-59d3-4062-b5db-dd9e2f83d16b" name = "TE2SUT">
            <ownedAttribute xmi:id = "_9224d506-59d3-4062-b5db-dd9e2f83d16bPropertyMetaType" name = "base_Property" association = "_9224d506-59d3-4062-b5db-dd9e2f83d16bPropertyExtension">
              <type xmi:type = "uml:Class" href = "http://www.omg.org/spec/UML/20090901/UML.xmi#Property">
              </type>
            </ownedAttribute>
            <ownedAttribute xmi:id = "_9224d506-59d3-4062-b5db-dd9e2f83d16bInterfaceMetaType" name = "base_Interface" association = "_9224d506-59d3-4062-b5db-dd9e2f83d16bInterfaceExtension">
              <type xmi:type = "uml:Class" href = "http://www.omg.org/spec/UML/20090901/UML.xmi#Interface">
              </type>
            </ownedAttribute>
          </packagedElement>
          <packagedElement xmi:type = "uml:Extension" xmi:id = "_e17692dd-87d9-407a-862b-ded911f427f4PackageExtension" memberEnd = "_e17692dd-87d9-407a-862b-ded911f427f4 _e17692dd-87d9-407a-862b-ded911f427f4PackageExtensionEnd">
            <ownedEnd xmi:type = "uml:ExtensionEnd" xmi:id = "_e17692dd-87d9-407a-862b-ded911f427f4PackageExtensionEnd" name = "extension_CML" type = "_e17692dd-87d9-407a-862b-ded911f427f4" aggregation = "composite" association = "_e17692dd-87d9-407a-862b-ded911f427f4PackageExtension">
            </ownedEnd>
          </packagedElement>
          <packagedElement xmi:type = "uml:Extension" xmi:id = "_e17692dd-87d9-407a-862b-ded911f427f4ClassExtension" memberEnd = "_e17692dd-87d9-407a-862b-ded911f427f4 _e17692dd-87d9-407a-862b-ded911f427f4ClassExtensionEnd">
            <ownedEnd xmi:type = "uml:ExtensionEnd" xmi:id = "_e17692dd-87d9-407a-862b-ded911f427f4ClassExtensionEnd" name = "extension_CML" type = "_e17692dd-87d9-407a-862b-ded911f427f4" aggregation = "composite" association = "_e17692dd-87d9-407a-862b-ded911f427f4ClassExtension">
            </ownedEnd>
          </packagedElement>
          <packagedElement xmi:type = "uml:Extension" xmi:id = "_9da31d1c-d6e5-427c-9121-9c9496967d07PackageExtension" memberEnd = "_9da31d1c-d6e5-427c-9121-9c9496967d07 _9da31d1c-d6e5-427c-9121-9c9496967d07PackageExtensionEnd">
            <ownedEnd xmi:type = "uml:ExtensionEnd" xmi:id = "_9da31d1c-d6e5-427c-9121-9c9496967d07PackageExtensionEnd" name = "extension_CONSTRAINTS" type = "_9da31d1c-d6e5-427c-9121-9c9496967d07" aggregation = "composite" association = "_9da31d1c-d6e5-427c-9121-9c9496967d07PackageExtension">
            </ownedEnd>
          </packagedElement>
          <packagedElement xmi:type = "uml:Extension" xmi:id = "_25e6870f-0caf-4cc6-93c7-6b729a49d147PackageExtension" memberEnd = "_25e6870f-0caf-4cc6-93c7-6b729a49d147 _25e6870f-0caf-4cc6-93c7-6b729a49d147PackageExtensionEnd">
            <ownedEnd xmi:type = "uml:ExtensionEnd" xmi:id = "_25e6870f-0caf-4cc6-93c7-6b729a49d147PackageExtensionEnd" name = "extension_DATATYPES" type = "_25e6870f-0caf-4cc6-93c7-6b729a49d147" aggregation = "composite" association = "_25e6870f-0caf-4cc6-93c7-6b729a49d147PackageExtension">
            </ownedEnd>
          </packagedElement>
          <packagedElement xmi:type = "uml:Extension" xmi:id = "_dcce17d3-8eb0-4867-993e-23c0a3a4ffe4PropertyExtension" memberEnd = "_dcce17d3-8eb0-4867-993e-23c0a3a4ffe4 _dcce17d3-8eb0-4867-993e-23c0a3a4ffe4PropertyExtensionEnd">
            <ownedEnd xmi:type = "uml:ExtensionEnd" xmi:id = "_dcce17d3-8eb0-4867-993e-23c0a3a4ffe4PropertyExtensionEnd" name = "extension_interface" type = "_dcce17d3-8eb0-4867-993e-23c0a3a4ffe4" aggregation = "composite" association = "_dcce17d3-8eb0-4867-993e-23c0a3a4ffe4PropertyExtension">
            </ownedEnd>
          </packagedElement>
          <packagedElement xmi:type = "uml:Extension" xmi:id = "_dcce17d3-8eb0-4867-993e-23c0a3a4ffe4InterfaceExtension" memberEnd = "_dcce17d3-8eb0-4867-993e-23c0a3a4ffe4 _dcce17d3-8eb0-4867-993e-23c0a3a4ffe4InterfaceExtensionEnd">
            <ownedEnd xmi:type = "uml:ExtensionEnd" xmi:id = "_dcce17d3-8eb0-4867-993e-23c0a3a4ffe4InterfaceExtensionEnd" name = "extension_interface" type = "_dcce17d3-8eb0-4867-993e-23c0a3a4ffe4" aggregation = "composite" association = "_dcce17d3-8eb0-4867-993e-23c0a3a4ffe4InterfaceExtension">
            </ownedEnd>
          </packagedElement>
          <packagedElement xmi:type = "uml:Extension" xmi:id = "_de69a172-6544-4e72-b56b-aeae1ec70047PackageExtension" memberEnd = "_de69a172-6544-4e72-b56b-aeae1ec70047 _de69a172-6544-4e72-b56b-aeae1ec70047PackageExtensionEnd">
            <ownedEnd xmi:type = "uml:ExtensionEnd" xmi:id = "_de69a172-6544-4e72-b56b-aeae1ec70047PackageExtensionEnd" name = "extension_INTERFACES" type = "_de69a172-6544-4e72-b56b-aeae1ec70047" aggregation = "composite" association = "_de69a172-6544-4e72-b56b-aeae1ec70047PackageExtension">
            </ownedEnd>
          </packagedElement>
          <packagedElement xmi:type = "uml:Extension" xmi:id = "_7a9784b6-9507-4c4d-b793-9d5b1cb33e09PackageExtension" memberEnd = "_7a9784b6-9507-4c4d-b793-9d5b1cb33e09 _7a9784b6-9507-4c4d-b793-9d5b1cb33e09PackageExtensionEnd">
            <ownedEnd xmi:type = "uml:ExtensionEnd" xmi:id = "_7a9784b6-9507-4c4d-b793-9d5b1cb33e09PackageExtensionEnd" name = "extension_REQUIREMENTS" type = "_7a9784b6-9507-4c4d-b793-9d5b1cb33e09" aggregation = "composite" association = "_7a9784b6-9507-4c4d-b793-9d5b1cb33e09PackageExtension">
            </ownedEnd>
          </packagedElement>
          <packagedElement xmi:type = "uml:Extension" xmi:id = "_d7a9f6aa-2a17-4e7b-9e5f-67884ddd0bd4Enumeration LiteralExtension" memberEnd = "_d7a9f6aa-2a17-4e7b-9e5f-67884ddd0bd4 _d7a9f6aa-2a17-4e7b-9e5f-67884ddd0bd4Enumeration LiteralExtensionEnd">
            <ownedEnd xmi:type = "uml:ExtensionEnd" xmi:id = "_d7a9f6aa-2a17-4e7b-9e5f-67884ddd0bd4Enumeration LiteralExtensionEnd" name = "extension_RttTgen Enumeration" type = "_d7a9f6aa-2a17-4e7b-9e5f-67884ddd0bd4" aggregation = "composite" association = "_d7a9f6aa-2a17-4e7b-9e5f-67884ddd0bd4Enumeration LiteralExtension">
            </ownedEnd>
          </packagedElement>
          <packagedElement xmi:type = "uml:Extension" xmi:id = "_4b52149d-271b-4181-bcba-62218e86ab65ClassExtension" memberEnd = "_4b52149d-271b-4181-bcba-62218e86ab65 _4b52149d-271b-4181-bcba-62218e86ab65ClassExtensionEnd">
            <ownedEnd xmi:type = "uml:ExtensionEnd" xmi:id = "_4b52149d-271b-4181-bcba-62218e86ab65ClassExtensionEnd" name = "extension_SUT" type = "_4b52149d-271b-4181-bcba-62218e86ab65" aggregation = "composite" association = "_4b52149d-271b-4181-bcba-62218e86ab65ClassExtension">
            </ownedEnd>
          </packagedElement>
          <packagedElement xmi:type = "uml:Extension" xmi:id = "_985f3b47-75dd-457a-a60f-c8d09a6cb1e3PropertyExtension" memberEnd = "_985f3b47-75dd-457a-a60f-c8d09a6cb1e3 _985f3b47-75dd-457a-a60f-c8d09a6cb1e3PropertyExtensionEnd">
            <ownedEnd xmi:type = "uml:ExtensionEnd" xmi:id = "_985f3b47-75dd-457a-a60f-c8d09a6cb1e3PropertyExtensionEnd" name = "extension_SUT2TE" type = "_985f3b47-75dd-457a-a60f-c8d09a6cb1e3" aggregation = "composite" association = "_985f3b47-75dd-457a-a60f-c8d09a6cb1e3PropertyExtension">
            </ownedEnd>
          </packagedElement>
          <packagedElement xmi:type = "uml:Extension" xmi:id = "_985f3b47-75dd-457a-a60f-c8d09a6cb1e3InterfaceExtension" memberEnd = "_985f3b47-75dd-457a-a60f-c8d09a6cb1e3 _985f3b47-75dd-457a-a60f-c8d09a6cb1e3InterfaceExtensionEnd">
            <ownedEnd xmi:type = "uml:ExtensionEnd" xmi:id = "_985f3b47-75dd-457a-a60f-c8d09a6cb1e3InterfaceExtensionEnd" name = "extension_SUT2TE" type = "_985f3b47-75dd-457a-a60f-c8d09a6cb1e3" aggregation = "composite" association = "_985f3b47-75dd-457a-a60f-c8d09a6cb1e3InterfaceExtension">
            </ownedEnd>
          </packagedElement>
          <packagedElement xmi:type = "uml:Extension" xmi:id = "_f3370fb5-2036-486c-ae85-55c083702767ClassExtension" memberEnd = "_f3370fb5-2036-486c-ae85-55c083702767 _f3370fb5-2036-486c-ae85-55c083702767ClassExtensionEnd">
            <ownedEnd xmi:type = "uml:ExtensionEnd" xmi:id = "_f3370fb5-2036-486c-ae85-55c083702767ClassExtensionEnd" name = "extension_SYSTEM" type = "_f3370fb5-2036-486c-ae85-55c083702767" aggregation = "composite" association = "_f3370fb5-2036-486c-ae85-55c083702767ClassExtension">
            </ownedEnd>
          </packagedElement>
          <packagedElement xmi:type = "uml:Extension" xmi:id = "_6f83f6fd-e1f1-4860-a11b-b62046a32fc5ClassExtension" memberEnd = "_6f83f6fd-e1f1-4860-a11b-b62046a32fc5 _6f83f6fd-e1f1-4860-a11b-b62046a32fc5ClassExtensionEnd">
            <ownedEnd xmi:type = "uml:ExtensionEnd" xmi:id = "_6f83f6fd-e1f1-4860-a11b-b62046a32fc5ClassExtensionEnd" name = "extension_TE" type = "_6f83f6fd-e1f1-4860-a11b-b62046a32fc5" aggregation = "composite" association = "_6f83f6fd-e1f1-4860-a11b-b62046a32fc5ClassExtension">
            </ownedEnd>
          </packagedElement>
          <packagedElement xmi:type = "uml:Extension" xmi:id = "_9224d506-59d3-4062-b5db-dd9e2f83d16bPropertyExtension" memberEnd = "_9224d506-59d3-4062-b5db-dd9e2f83d16b _9224d506-59d3-4062-b5db-dd9e2f83d16bPropertyExtensionEnd">
            <ownedEnd xmi:type = "uml:ExtensionEnd" xmi:id = "_9224d506-59d3-4062-b5db-dd9e2f83d16bPropertyExtensionEnd" name = "extension_TE2SUT" type = "_9224d506-59d3-4062-b5db-dd9e2f83d16b" aggregation = "composite" association = "_9224d506-59d3-4062-b5db-dd9e2f83d16bPropertyExtension">
            </ownedEnd>
          </packagedElement>
          <packagedElement xmi:type = "uml:Extension" xmi:id = "_9224d506-59d3-4062-b5db-dd9e2f83d16bInterfaceExtension" memberEnd = "_9224d506-59d3-4062-b5db-dd9e2f83d16b _9224d506-59d3-4062-b5db-dd9e2f83d16bInterfaceExtensionEnd">
            <ownedEnd xmi:type = "uml:ExtensionEnd" xmi:id = "_9224d506-59d3-4062-b5db-dd9e2f83d16bInterfaceExtensionEnd" name = "extension_TE2SUT" type = "_9224d506-59d3-4062-b5db-dd9e2f83d16b" aggregation = "composite" association = "_9224d506-59d3-4062-b5db-dd9e2f83d16bInterfaceExtension">
            </ownedEnd>
          </packagedElement>
        </packagedElement>
      </packagedElement>
      <profileApplication xmi:type="uml:ProfileApplication" xmi:id="_profileApplication0">
  <appliedProfile  xmi:type="uml:Profile" href="http://www.omg.org/spec/SysML/20100301/SysML-profile.uml#_0"/>
</profileApplication>
<profileApplication xmi:type="uml:ProfileApplication" xmi:id="_profileApplication1">
  <appliedProfile  xmi:type="uml:Profile" href="http://www.omg.org/spec/UML/20090901/StandardProfileL2.xmi#_0"/>
</profileApplication>
  </uml:Model>
    <COMPASS_Profile:Stereotypes:CML base_Category = "_dd43f39d-3192-4478-9373-e265a7e92526" xmi:id = "_e17692dd-87d9-407a-862b-ded911f427f4_dd43f39d-3192-4478-9373-e265a7e92526" />
    <sysml:Block base_Class = "_50e21ae4-10c6-4695-a849-2db3729438c5" xmi:id = "_830e357d-4657-41af-bfbf-f45d6e34953b_50e21ae4-10c6-4695-a849-2db3729438c5" />
    <COMPASS_Profile:Stereotypes:CML base_Class = "_50e21ae4-10c6-4695-a849-2db3729438c5" xmi:id = "_e17692dd-87d9-407a-862b-ded911f427f4_50e21ae4-10c6-4695-a849-2db3729438c5" />
    <COMPASS_Profile:Stereotypes:SYSTEM base_Class = "_50e21ae4-10c6-4695-a849-2db3729438c5" xmi:id = "_f3370fb5-2036-486c-ae85-55c083702767_50e21ae4-10c6-4695-a849-2db3729438c5" />
    <COMPASS_Profile:Stereotypes:interface base_Attribute = "_6d5e4b9d-7dc8-42d1-8cea-7cf6c6598404" xmi:id = "_dcce17d3-8eb0-4867-993e-23c0a3a4ffe4_6d5e4b9d-7dc8-42d1-8cea-7cf6c6598404" />
    <COMPASS_Profile:Stereotypes:TE2SUT base_Attribute = "_6d5e4b9d-7dc8-42d1-8cea-7cf6c6598404" xmi:id = "_9224d506-59d3-4062-b5db-dd9e2f83d16b_6d5e4b9d-7dc8-42d1-8cea-7cf6c6598404" />
    <sysml:Block base_Class = "_70aaaf5a-3cad-41b0-9080-b0800b13fe42" xmi:id = "_830e357d-4657-41af-bfbf-f45d6e34953b_70aaaf5a-3cad-41b0-9080-b0800b13fe42" />
    <COMPASS_Profile:Stereotypes:CML base_Class = "_70aaaf5a-3cad-41b0-9080-b0800b13fe42" xmi:id = "_e17692dd-87d9-407a-862b-ded911f427f4_70aaaf5a-3cad-41b0-9080-b0800b13fe42" />
    <COMPASS_Profile:Stereotypes:SUT base_Class = "_70aaaf5a-3cad-41b0-9080-b0800b13fe42" xmi:id = "_4b52149d-271b-4181-bcba-62218e86ab65_70aaaf5a-3cad-41b0-9080-b0800b13fe42" />
    <sysml:NestedConnectorEnd base_ConnectorEnd = "_e7bf7dde-e615-4475-9a0f-6dbf0326a10f" xmi:id = "_58ccbcf0-d8ab-463c-bbb2-49b993801293_e7bf7dde-e615-4475-9a0f-6dbf0326a10f" propertyPath = "_81bb73b5-ef72-4a37-8aa8-7f0d57e51229, _5c738932-dbb0-4d64-99e1-d6e5426fa1de" />
    <sysml:NestedConnectorEnd base_ConnectorEnd = "_b903212c-9e75-4bbd-a75e-55e33018ba22" xmi:id = "_58ccbcf0-d8ab-463c-bbb2-49b993801293_b903212c-9e75-4bbd-a75e-55e33018ba22" propertyPath = "_68009836-c168-407d-8e9c-26ae135fe718, _60ba65b3-9237-4faf-91fa-e4899b949dc0" />
    <sysml:FlowPort base_Port = "_189decff-bc01-4edf-a28b-0ad2fdda5a13" xmi:id = "_034e0055-5318-4da9-a50c-ffde5177b47b_189decff-bc01-4edf-a28b-0ad2fdda5a13" direction = "null" />
    <sysml:NestedConnectorEnd base_ConnectorEnd = "_1e7e8545-9fdf-4cf2-acb9-df7c8c2946de" xmi:id = "_58ccbcf0-d8ab-463c-bbb2-49b993801293_1e7e8545-9fdf-4cf2-acb9-df7c8c2946de" propertyPath = "_68009836-c168-407d-8e9c-26ae135fe718, _b6bc8279-c94e-486c-823a-2f329df90314" />
    <sysml:NestedConnectorEnd base_ConnectorEnd = "_e8cfe86b-32fd-4d17-b73b-674a0aa1f208" xmi:id = "_58ccbcf0-d8ab-463c-bbb2-49b993801293_e8cfe86b-32fd-4d17-b73b-674a0aa1f208" propertyPath = "_81bb73b5-ef72-4a37-8aa8-7f0d57e51229, _20c099f5-be16-43bd-8bfe-039241cdd65a" />
    <sysml:Block base_Class = "_8a202cee-7750-457d-908a-7e64284c222b" xmi:id = "_830e357d-4657-41af-bfbf-f45d6e34953b_8a202cee-7750-457d-908a-7e64284c222b" />
    <sysml:Block base_Class = "_1051e06b-d423-4b6e-8f0c-12a79d37b623" xmi:id = "_830e357d-4657-41af-bfbf-f45d6e34953b_1051e06b-d423-4b6e-8f0c-12a79d37b623" />
    <COMPASS_Profile:Stereotypes:CML base_Class = "_1051e06b-d423-4b6e-8f0c-12a79d37b623" xmi:id = "_e17692dd-87d9-407a-862b-ded911f427f4_1051e06b-d423-4b6e-8f0c-12a79d37b623" />
    <COMPASS_Profile:Stereotypes:TE base_Class = "_1051e06b-d423-4b6e-8f0c-12a79d37b623" xmi:id = "_6f83f6fd-e1f1-4860-a11b-b62046a32fc5_1051e06b-d423-4b6e-8f0c-12a79d37b623" />
    <sysml:FlowPort base_Port = "_014c00d4-2855-4bcd-bbe2-5963b410a72a" xmi:id = "_034e0055-5318-4da9-a50c-ffde5177b47b_014c00d4-2855-4bcd-bbe2-5963b410a72a" direction = "null" />
    <COMPASS_Profile:Stereotypes:DATATYPES base_Category = "_0700ad7f-bb6c-46b3-bb4a-ed2242ea6d4d" xmi:id = "_25e6870f-0caf-4cc6-93c7-6b729a49d147_0700ad7f-bb6c-46b3-bb4a-ed2242ea6d4d" />
    <COMPASS_Profile:Stereotypes:RttTgen_Enumeration base_EnumerationLiteral = "_b7f270d6-ffda-4baa-89a9-a9fb43d54f6a" xmi:id = "_d7a9f6aa-2a17-4e7b-9e5f-67884ddd0bd4_b7f270d6-ffda-4baa-89a9-a9fb43d54f6a" RttTgen_EnumValue = "0" />
    <COMPASS_Profile:Stereotypes:RttTgen_Enumeration base_EnumerationLiteral = "_d7455be0-e678-4d9f-ba95-b6d429f7dc79" xmi:id = "_d7a9f6aa-2a17-4e7b-9e5f-67884ddd0bd4_d7455be0-e678-4d9f-ba95-b6d429f7dc79" RttTgen_EnumValue = "1" />
    <COMPASS_Profile:Stereotypes:RttTgen_Enumeration base_EnumerationLiteral = "_2b17f94d-c52b-46fd-83a9-e31791531469" xmi:id = "_d7a9f6aa-2a17-4e7b-9e5f-67884ddd0bd4_2b17f94d-c52b-46fd-83a9-e31791531469" RttTgen_EnumValue = "2" />
    <COMPASS_Profile:Stereotypes:RttTgen_Enumeration base_EnumerationLiteral = "_e3c47505-b5dd-4175-a562-70504b9f4a70" xmi:id = "_d7a9f6aa-2a17-4e7b-9e5f-67884ddd0bd4_e3c47505-b5dd-4175-a562-70504b9f4a70" RttTgen_EnumValue = "3" />
    <COMPASS_Profile:Stereotypes:INTERFACES base_Category = "_91c6b846-2bba-4907-8ca1-a3348225351b" xmi:id = "_de69a172-6544-4e72-b56b-aeae1ec70047_91c6b846-2bba-4907-8ca1-a3348225351b" />
    <COMPASS_Profile:Stereotypes:interface base_Class = "_ec459f13-50db-4c4b-a2fb-1658ff95719e" xmi:id = "_dcce17d3-8eb0-4867-993e-23c0a3a4ffe4_ec459f13-50db-4c4b-a2fb-1658ff95719e" />
    <COMPASS_Profile:Stereotypes:SUT2TE base_Class = "_ec459f13-50db-4c4b-a2fb-1658ff95719e" xmi:id = "_985f3b47-75dd-457a-a60f-c8d09a6cb1e3_ec459f13-50db-4c4b-a2fb-1658ff95719e" />
    <COMPASS_Profile:Stereotypes:REQUIREMENTS base_Category = "_17abbb5c-618a-463a-bc52-0a3292796197" xmi:id = "_7a9784b6-9507-4c4d-b793-9d5b1cb33e09_17abbb5c-618a-463a-bc52-0a3292796197" />
    <sysml:Requirement base_Class = "_35a34f70-36b0-4bf4-a48f-2867d76412ec" xmi:id = "_c8397039-60bb-473b-af94-d8f886d4a425_35a34f70-36b0-4bf4-a48f-2867d76412ec" Text = "The System shall do..." Id = "REQ001" />
    <sysml:ItemFlow base_InformationFlow = "_206edbd8-978c-439e-8168-e24f30d3244a" xmi:id = "_77501e26-1562-4bb2-aae6-d82e10750515_206edbd8-978c-439e-8168-e24f30d3244a" />
</xmi:XMI>
